[{"Category": "Extinct .mw-parser-output .nobold{font-weight:normal}(EX)\u00a0", "Animal Name": "aurochs", "Animal Class": "Mammalia"}, {"Category": "Extinct .mw-parser-output .nobold{font-weight:normal}(EX)\u00a0", "Animal Name": "ara atwoodi", "Animal Class": "Aves"}, {"Category": "Extinct .mw-parser-output .nobold{font-weight:normal}(EX)\u00a0", "Animal Name": "blackfin cisco", "Animal Class": "Actinopterygii"}, {"Category": "Extinct .mw-parser-output .nobold{font-weight:normal}(EX)\u00a0", "Animal Name": "Caribbean monk seal", "Animal Class": "Mammalia"}, {"Category": "Extinct .mw-parser-output .nobold{font-weight:normal}(EX)\u00a0", "Animal Name": "Caspian tiger", "Animal Class": "Mammalia"}, {"Category": "Extinct .mw-parser-output .nobold{font-weight:normal}(EX)\u00a0", "Animal Name": "dodo", "Animal Class": "Aves"}, {"Category": "Extinct .mw-parser-output .nobold{font-weight:normal}(EX)\u00a0", "Animal Name": "eastern cougar", "Animal Class": "Mammalia"}, {"Category": "Extinct .mw-parser-output .nobold{font-weight:normal}(EX)\u00a0", "Animal Name": "great auk", "Animal Class": "Aves"}, {"Category": "Extinct .mw-parser-output .nobold{font-weight:normal}(EX)\u00a0", "Animal Name": "Guam flycatcher", "Animal Class": "Aves"}, {"Category": "Extinct .mw-parser-output .nobold{font-weight:normal}(EX)\u00a0", "Animal Name": "Javan tiger", "Animal Class": "Mammalia"}, {"Category": "Extinct .mw-parser-output .nobold{font-weight:normal}(EX)\u00a0", "Animal Name": "Labrador duck", "Animal Class": "Aves"}, {"Category": "Extinct .mw-parser-output .nobold{font-weight:normal}(EX)\u00a0", "Animal Name": "lesser bilby", "Animal Class": "Mammalia"}, {"Category": "Extinct .mw-parser-output .nobold{font-weight:normal}(EX)\u00a0", "Animal Name": "New Zealand quail", "Animal Class": "Aves"}, {"Category": "Extinct .mw-parser-output .nobold{font-weight:normal}(EX)\u00a0", "Animal Name": "passenger pigeon", "Animal Class": "Aves"}, {"Category": "Extinct .mw-parser-output .nobold{font-weight:normal}(EX)\u00a0", "Animal Name": "Schomburgk's deer", "Animal Class": "Mammalia"}, {"Category": "Extinct .mw-parser-output .nobold{font-weight:normal}(EX)\u00a0", "Animal Name": "Steller's sea cow", "Animal Class": "Mammalia"}, {"Category": "Extinct .mw-parser-output .nobold{font-weight:normal}(EX)\u00a0", "Animal Name": "thylacine", "Animal Class": "Mammalia"}, {"Category": "Extinct .mw-parser-output .nobold{font-weight:normal}(EX)\u00a0", "Animal Name": "toolache wallaby", "Animal Class": "Mammalia"}, {"Category": "Extinct .mw-parser-output .nobold{font-weight:normal}(EX)\u00a0", "Animal Name": "California Grizzly Bear", "Animal Class": "Mammalia"}, {"Category": "Extinct in the wild (EW)\u00a0", "Animal Name": "Guam kingfisher", "Animal Class": "Aves"}, {"Category": "Extinct in the wild (EW)\u00a0", "Animal Name": "Guam Rail", "Animal Class": "Aves"}, {"Category": "Extinct in the wild (EW)\u00a0", "Animal Name": "Hawaiian crow", "Animal Class": "Aves"}, {"Category": "Extinct in the wild (EW)\u00a0", "Animal Name": "P\u00e8re David's deer", "Animal Class": "Mammalia"}, {"Category": "Extinct in the wild (EW)\u00a0", "Animal Name": "scimitar oryx", "Animal Class": "Mammalia"}, {"Category": "Extinct in the wild (EW)\u00a0", "Animal Name": "Socorro dove", "Animal Class": "Aves"}, {"Category": "Extinct in the wild (EW)\u00a0", "Animal Name": "South China tiger", "Animal Class": "Mammalia"}, {"Category": "Extinct in the wild (EW)\u00a0", "Animal Name": "Wyoming toad", "Animal Class": "Amphibia"}, {"Category": "Critically endangered (CR)\u00a0", "Animal Name": "extinction", "Animal Class": "No class found."}, {"Category": "Critically endangered (CR)\u00a0", "Animal Name": "addax", "Animal Class": "Mammalia"}, {"Category": "Critically endangered (CR)\u00a0", "Animal Name": "African wild ass", "Animal Class": "Mammalia"}, {"Category": "Critically endangered (CR)\u00a0", "Animal Name": "Alabama cavefish", "Animal Class": "Actinopterygii"}, {"Category": "Critically endangered (CR)\u00a0", "Animal Name": "Amur leopard", "Animal Class": "Mammalia"}, {"Category": "Critically endangered (CR)\u00a0", "Animal Name": "Javan rhino", "Animal Class": "Mammalia"}, {"Category": "Critically endangered (CR)\u00a0", "Animal Name": "Arabian leopard", "Animal Class": "Mammalia"}, {"Category": "Critically endangered (CR)\u00a0", "Animal Name": "Arakan forest turtle", "Animal Class": "Reptilia"}, {"Category": "Critically endangered (CR)\u00a0", "Animal Name": "Asiatic cheetah", "Animal Class": "Mammalia"}, {"Category": "Critically endangered (CR)\u00a0", "Animal Name": "axolotl", "Animal Class": "Amphibia"}, {"Category": "Critically endangered (CR)\u00a0", "Animal Name": "Wild Bactrian camel", "Animal Class": "Mammalia"}, {"Category": "Critically endangered (CR)\u00a0", "Animal Name": "black rhino", "Animal Class": "Mammalia"}, {"Category": "Critically endangered (CR)\u00a0", "Animal Name": "blue-throated macaw", "Animal Class": "Aves"}, {"Category": "Critically endangered (CR)\u00a0", "Animal Name": "Brazilian merganser", "Animal Class": "Aves"}, {"Category": "Critically endangered (CR)\u00a0", "Animal Name": "brown spider monkey", "Animal Class": "Mammalia"}, {"Category": "Critically endangered (CR)\u00a0", "Animal Name": "California condor", "Animal Class": "Aves"}, {"Category": "Critically endangered (CR)\u00a0", "Animal Name": "Chinese alligator", "Animal Class": "Reptilia"}, {"Category": "Critically endangered (CR)\u00a0", "Animal Name": "Chinese giant salamander", "Animal Class": "Amphibia"}, {"Category": "Critically endangered (CR)\u00a0", "Animal Name": "Cross River gorilla", "Animal Class": "Mammalia"}, {"Category": "Critically endangered (CR)\u00a0", "Animal Name": "Florida panther", "Animal Class": "Mammalia"}, {"Category": "Critically endangered (CR)\u00a0", "Animal Name": "gharial", "Animal Class": "Reptilia"}, {"Category": "Critically endangered (CR)\u00a0", "Animal Name": "Hawaiian monk seal", "Animal Class": "Mammalia"}, {"Category": "Critically endangered (CR)\u00a0", "Animal Name": "hawksbill sea turtle", "Animal Class": "Reptilia"}, {"Category": "Critically endangered (CR)\u00a0", "Animal Name": "Imperial woodpecker", "Animal Class": "Aves"}, {"Category": "Critically endangered (CR)\u00a0", "Animal Name": "Ivory-billed Woodpecker", "Animal Class": "Aves"}, {"Category": "Critically endangered (CR)\u00a0", "Animal Name": "Tristan albatross", "Animal Class": "Aves"}, {"Category": "Critically endangered (CR)\u00a0", "Animal Name": "Amsterdam albatross", "Animal Class": "Aves"}, {"Category": "Critically endangered (CR)\u00a0", "Animal Name": "Leadbeater's possum", "Animal Class": "Mammalia"}, {"Category": "Critically endangered (CR)\u00a0", "Animal Name": "Mediterranean monk seal", "Animal Class": "Mammalia"}, {"Category": "Critically endangered (CR)\u00a0", "Animal Name": "Northwest African cheetah", "Animal Class": "Mammalia"}, {"Category": "Critically endangered (CR)\u00a0", "Animal Name": "northern hairy-nosed wombat", "Animal Class": "Mammalia"}, {"Category": "Critically endangered (CR)\u00a0", "Animal Name": "Philippine crocodile", "Animal Class": "Reptilia"}, {"Category": "Critically endangered (CR)\u00a0", "Animal Name": "red wolf", "Animal Class": "Mammalia"}, {"Category": "Critically endangered (CR)\u00a0", "Animal Name": "saiga", "Animal Class": "Mammalia"}, {"Category": "Critically endangered (CR)\u00a0", "Animal Name": "Siamese crocodile", "Animal Class": "Reptilia"}, {"Category": "Critically endangered (CR)\u00a0", "Animal Name": "red-throated lorikeet", "Animal Class": "Aves"}, {"Category": "Critically endangered (CR)\u00a0", "Animal Name": "Spix's macaw", "Animal Class": "Aves"}, {"Category": "Critically endangered (CR)\u00a0", "Animal Name": "southern bluefin tuna", "Animal Class": "Actinopterygii"}, {"Category": "Critically endangered (CR)\u00a0", "Animal Name": "R\u00fcck's blue flycatcher", "Animal Class": "Aves"}, {"Category": "Critically endangered (CR)\u00a0", "Animal Name": "Sumatran orangutan", "Animal Class": "Mammalia"}, {"Category": "Critically endangered (CR)\u00a0", "Animal Name": "Sumatran rhinoceros", "Animal Class": "Mammalia"}, {"Category": "Critically endangered (CR)\u00a0", "Animal Name": "blue-fronted lorikeet", "Animal Class": "Aves"}, {"Category": "Critically endangered (CR)\u00a0", "Animal Name": "vaquita", "Animal Class": "Mammalia"}, {"Category": "Critically endangered (CR)\u00a0", "Animal Name": "Yangtze river dolphin", "Animal Class": "Mammalia"}, {"Category": "Critically endangered (CR)\u00a0", "Animal Name": "western lowland gorilla", "Animal Class": "Mammalia"}, {"Category": "Critically endangered (CR)\u00a0", "Animal Name": "hawksbill sea turtle", "Animal Class": "Reptilia"}, {"Category": "Critically endangered (CR)\u00a0", "Animal Name": "Kemp's ridley sea turtle", "Animal Class": "Reptilia"}, {"Category": "Endangered (EN)\u00a0", "Animal Name": "Mexican Wolf", "Animal Class": "Mammalia"}, {"Category": "Endangered (EN)\u00a0", "Animal Name": "African penguin", "Animal Class": "Aves"}, {"Category": "Endangered (EN)\u00a0", "Animal Name": "African wild dog", "Animal Class": "Mammalia"}, {"Category": "Endangered (EN)\u00a0", "Animal Name": "Amur tiger", "Animal Class": "Mammalia"}, {"Category": "Endangered (EN)\u00a0", "Animal Name": "Asian elephant", "Animal Class": "Mammalia"}, {"Category": "Endangered (EN)\u00a0", "Animal Name": "Bengal tiger", "Animal Class": "Mammalia"}, {"Category": "Endangered (EN)\u00a0", "Animal Name": "Australasian bittern", "Animal Class": "Aves"}, {"Category": "Endangered (EN)\u00a0", "Animal Name": "blue whale", "Animal Class": "Mammalia"}, {"Category": "Endangered (EN)\u00a0", "Animal Name": "bonobo", "Animal Class": "Mammalia"}, {"Category": "Endangered (EN)\u00a0", "Animal Name": "Bornean orangutan", "Animal Class": "Mammalia"}, {"Category": "Endangered (EN)\u00a0", "Animal Name": "common chimpanzee", "Animal Class": "Mammalia"}, {"Category": "Endangered (EN)\u00a0", "Animal Name": "dhole", "Animal Class": "Mammalia"}, {"Category": "Endangered (EN)\u00a0", "Animal Name": "Ethiopian wolf", "Animal Class": "Mammalia"}, {"Category": "Endangered (EN)\u00a0", "Animal Name": "Flores crow", "Animal Class": "Aves"}, {"Category": "Endangered (EN)\u00a0", "Animal Name": "hispid hare", "Animal Class": "Mammalia"}, {"Category": "Endangered (EN)\u00a0", "Animal Name": "giant otter", "Animal Class": "Mammalia"}, {"Category": "Endangered (EN)\u00a0", "Animal Name": "Goliath frog", "Animal Class": "Amphibia"}, {"Category": "Endangered (EN)\u00a0", "Animal Name": "grey parrot", "Animal Class": "Aves"}, {"Category": "Endangered (EN)\u00a0", "Animal Name": "green sea turtle", "Animal Class": "Reptilia"}, {"Category": "Endangered (EN)\u00a0", "Animal Name": "loggerhead sea turtle", "Animal Class": "Reptilia"}, {"Category": "Endangered (EN)\u00a0", "Animal Name": "Grevy's zebra", "Animal Class": "Mammalia"}, {"Category": "Endangered (EN)\u00a0", "Animal Name": "Humblot's heron", "Animal Class": "Aves"}, {"Category": "Endangered (EN)\u00a0", "Animal Name": "Iberian lynx", "Animal Class": "Mammalia"}, {"Category": "Endangered (EN)\u00a0", "Animal Name": "Indian pangolin", "Animal Class": "Mammalia"}, {"Category": "Endangered (EN)\u00a0", "Animal Name": "Japanese crane", "Animal Class": "Aves"}, {"Category": "Endangered (EN)\u00a0", "Animal Name": "Japanese night heron", "Animal Class": "Aves"}, {"Category": "Endangered (EN)\u00a0", "Animal Name": "Lear's macaw", "Animal Class": "Aves"}, {"Category": "Endangered (EN)\u00a0", "Animal Name": "Malayan tapir", "Animal Class": "Mammalia"}, {"Category": "Endangered (EN)\u00a0", "Animal Name": "Malagasy pond heron", "Animal Class": "Aves"}, {"Category": "Endangered (EN)\u00a0", "Animal Name": "mountain gorilla", "Animal Class": "Mammalia"}, {"Category": "Endangered (EN)\u00a0", "Animal Name": "yellow headed amazon", "Animal Class": "Aves"}, {"Category": "Endangered (EN)\u00a0", "Animal Name": "purple-faced langur", "Animal Class": "Mammalia"}, {"Category": "Endangered (EN)\u00a0", "Animal Name": "red-breasted goose", "Animal Class": "Aves"}, {"Category": "Endangered (EN)\u00a0", "Animal Name": "Rothschild's giraffe", "Animal Class": "Mammalia"}, {"Category": "Endangered (EN)\u00a0", "Animal Name": "South Andean deer", "Animal Class": "Mammalia"}, {"Category": "Endangered (EN)\u00a0", "Animal Name": "anoa", "Animal Class": "Mammalia"}, {"Category": "Endangered (EN)\u00a0", "Animal Name": "takhi", "Animal Class": "Mammalia"}, {"Category": "Endangered (EN)\u00a0", "Animal Name": "Toque macaque", "Animal Class": "Mammalia"}, {"Category": "Endangered (EN)\u00a0", "Animal Name": "Vietnamese pheasant", "Animal Class": "Aves"}, {"Category": "Endangered (EN)\u00a0", "Animal Name": "volcano rabbit", "Animal Class": "Mammalia"}, {"Category": "Endangered (EN)\u00a0", "Animal Name": "wild water buffalo", "Animal Class": "Mammalia"}, {"Category": "Endangered (EN)\u00a0", "Animal Name": "whale shark", "Animal Class": "Chondrichthyes"}, {"Category": "Endangered (EN)\u00a0", "Animal Name": "white-eared night heron", "Animal Class": "Aves"}, {"Category": "Endangered (EN)\u00a0", "Animal Name": "Whooping crane", "Animal Class": "Aves"}, {"Category": "Endangered (EN)\u00a0", "Animal Name": "tasmanian devil", "Animal Class": "Mammalia"}, {"Category": "Endangered (EN)\u00a0", "Animal Name": "red panda", "Animal Class": "Mammalia"}, {"Category": "Vulnerable (VU)\u00a0", "Animal Name": "military macaw", "Animal Class": "Aves"}, {"Category": "Vulnerable (VU)\u00a0", "Animal Name": "African leopard", "Animal Class": "Mammalia"}, {"Category": "Vulnerable (VU)\u00a0", "Animal Name": "American paddlefish", "Animal Class": "Actinopterygii"}, {"Category": "Vulnerable (VU)\u00a0", "Animal Name": "common carp", "Animal Class": "Actinopterygii"}, {"Category": "Vulnerable (VU)\u00a0", "Animal Name": "clouded leopard", "Animal Class": "Mammalia"}, {"Category": "Vulnerable (VU)\u00a0", "Animal Name": "cheetah", "Animal Class": "Mammalia"}, {"Category": "Vulnerable (VU)\u00a0", "Animal Name": "dugong", "Animal Class": "Mammalia"}, {"Category": "Vulnerable (VU)\u00a0", "Animal Name": "Far Eastern curlew", "Animal Class": "Aves"}, {"Category": "Vulnerable (VU)\u00a0", "Animal Name": "fossa", "Animal Class": "Mammalia"}, {"Category": "Vulnerable (VU)\u00a0", "Animal Name": "Galapagos tortoise", "Animal Class": "Reptilia"}, {"Category": "Vulnerable (VU)\u00a0", "Animal Name": "gaur", "Animal Class": "Mammalia"}, {"Category": "Vulnerable (VU)\u00a0", "Animal Name": "blue headed macaw", "Animal Class": "Aves"}, {"Category": "Vulnerable (VU)\u00a0", "Animal Name": "blue-eyed cockatoo", "Animal Class": "Aves"}, {"Category": "Vulnerable (VU)\u00a0", "Animal Name": "golden hamster", "Animal Class": "Mammalia"}, {"Category": "Vulnerable (VU)\u00a0", "Animal Name": "Great slaty woodpecker", "Animal Class": "Aves"}, {"Category": "Vulnerable (VU)\u00a0", "Animal Name": "hyacinth macaw", "Animal Class": "Aves"}, {"Category": "Vulnerable (VU)\u00a0", "Animal Name": "Humboldt penguin", "Animal Class": "Aves"}, {"Category": "Vulnerable (VU)\u00a0", "Animal Name": "blue crane", "Animal Class": "Aves"}, {"Category": "Vulnerable (VU)\u00a0", "Animal Name": "lesser white-fronted goose", "Animal Class": "Aves"}, {"Category": "Vulnerable (VU)\u00a0", "Animal Name": "mandrill", "Animal Class": "Mammalia"}, {"Category": "Vulnerable (VU)\u00a0", "Animal Name": "maned sloth", "Animal Class": "Mammalia"}, {"Category": "Vulnerable (VU)\u00a0", "Animal Name": "Montserrat oriole", "Animal Class": "Aves"}, {"Category": "Vulnerable (VU)\u00a0", "Animal Name": "mountain zebra", "Animal Class": "Mammalia"}, {"Category": "Vulnerable (VU)\u00a0", "Animal Name": "Hawaiian goose", "Animal Class": "Aves"}, {"Category": "Vulnerable (VU)\u00a0", "Animal Name": "pacific walrus", "Animal Class": "Mammalia"}, {"Category": "Vulnerable (VU)\u00a0", "Animal Name": "sloth bear", "Animal Class": "Mammalia"}, {"Category": "Vulnerable (VU)\u00a0", "Animal Name": "snow leopard", "Animal Class": "Mammalia"}, {"Category": "Vulnerable (VU)\u00a0", "Animal Name": "takin", "Animal Class": "Mammalia"}, {"Category": "Vulnerable (VU)\u00a0", "Animal Name": "great white shark", "Animal Class": "Chondrichthyes"}, {"Category": "Vulnerable (VU)\u00a0", "Animal Name": "American crocodile", "Animal Class": "Reptilia"}, {"Category": "Vulnerable (VU)\u00a0", "Animal Name": "white-necked crow", "Animal Class": "Aves"}, {"Category": "Vulnerable (VU)\u00a0", "Animal Name": "dingo", "Animal Class": "Mammalia"}, {"Category": "Near-threatened (NT)\u00a0", "Animal Name": "American bison", "Animal Class": "Mammalia"}, {"Category": "Near-threatened (NT)\u00a0", "Animal Name": "Asian golden cat", "Animal Class": "Mammalia"}, {"Category": "Near-threatened (NT)\u00a0", "Animal Name": "blue-billed duck", "Animal Class": "Aves"}, {"Category": "Near-threatened (NT)\u00a0", "Animal Name": "emperor goose", "Animal Class": "Aves"}, {"Category": "Near-threatened (NT)\u00a0", "Animal Name": "emperor penguin", "Animal Class": "Aves"}, {"Category": "Near-threatened (NT)\u00a0", "Animal Name": "Eurasian curlew", "Animal Class": "Aves"}, {"Category": "Near-threatened (NT)\u00a0", "Animal Name": "jaguar", "Animal Class": "Mammalia"}, {"Category": "Near-threatened (NT)\u00a0", "Animal Name": "Larch Mountain salamander", "Animal Class": "Amphibia"}, {"Category": "Near-threatened (NT)\u00a0", "Animal Name": "lesser long-nosed bat", "Animal Class": "Mammalia"}, {"Category": "Near-threatened (NT)\u00a0", "Animal Name": "Magellanic penguin", "Animal Class": "Aves"}, {"Category": "Near-threatened (NT)\u00a0", "Animal Name": "maned wolf", "Animal Class": "Mammalia"}, {"Category": "Near-threatened (NT)\u00a0", "Animal Name": "margay", "Animal Class": "Mammalia"}, {"Category": "Near-threatened (NT)\u00a0", "Animal Name": "montane solitary eagle", "Animal Class": "Aves"}, {"Category": "Near-threatened (NT)\u00a0", "Animal Name": "Pampas cat", "Animal Class": "Mammalia"}, {"Category": "Near-threatened (NT)\u00a0", "Animal Name": "Pallas's cat", "Animal Class": "Mammalia"}, {"Category": "Near-threatened (NT)\u00a0", "Animal Name": "reddish egret", "Animal Class": "Aves"}, {"Category": "Near-threatened (NT)\u00a0", "Animal Name": "white rhinoceros", "Animal Class": "Mammalia"}, {"Category": "Near-threatened (NT)\u00a0", "Animal Name": "striped hyena", "Animal Class": "Mammalia"}, {"Category": "Near-threatened (NT)\u00a0", "Animal Name": "tiger shark", "Animal Class": "Chondrichthyes"}, {"Category": "Near-threatened (NT)\u00a0", "Animal Name": "white eared pheasant", "Animal Class": "Aves"}, {"Category": "Least concern (LC)\u00a0", "Animal Name": "Black-bellied whistling duck", "Animal Class": "Aves"}, {"Category": "Least concern (LC)\u00a0", "Animal Name": "Saltwater crocodile", "Animal Class": "Reptilia"}, {"Category": "Least concern (LC)\u00a0", "Animal Name": "Indian peafowl", "Animal Class": "Aves"}, {"Category": "Least concern (LC)\u00a0", "Animal Name": "olive baboon", "Animal Class": "Mammalia"}, {"Category": "Least concern (LC)\u00a0", "Animal Name": "bald eagle", "Animal Class": "Aves"}, {"Category": "Least concern (LC)\u00a0", "Animal Name": "lesser bird of paradise", "Animal Class": "Aves"}, {"Category": "Least concern (LC)\u00a0", "Animal Name": "brown bear", "Animal Class": "Mammalia"}, {"Category": "Least concern (LC)\u00a0", "Animal Name": "brown rat", "Animal Class": "Mammalia"}, {"Category": "Least concern (LC)\u00a0", "Animal Name": "brown-throated sloth", "Animal Class": "Mammalia"}, {"Category": "Least concern (LC)\u00a0", "Animal Name": "Canada goose", "Animal Class": "Aves"}, {"Category": "Least concern (LC)\u00a0", "Animal Name": "cane toad", "Animal Class": "Amphibia"}, {"Category": "Least concern (LC)\u00a0", "Animal Name": "common wood pigeon", "Animal Class": "Aves"}, {"Category": "Least concern (LC)\u00a0", "Animal Name": "magpie goose", "Animal Class": "Aves"}, {"Category": "Least concern (LC)\u00a0", "Animal Name": "grey wolf", "Animal Class": "Mammalia"}, {"Category": "Least concern (LC)\u00a0", "Animal Name": "house mouse", "Animal Class": "Mammalia"}, {"Category": "Least concern (LC)\u00a0", "Animal Name": "wolverine", "Animal Class": "Mammalia"}, {"Category": "Least concern (LC)\u00a0", "Animal Name": "palm cockatoo", "Animal Class": "Aves"}, {"Category": "Least concern (LC)\u00a0", "Animal Name": "Louisiana black bear", "Animal Class": "Mammalia"}, {"Category": "Least concern (LC)\u00a0", "Animal Name": "mallard", "Animal Class": "Aves"}, {"Category": "Least concern (LC)\u00a0", "Animal Name": "mute swan", "Animal Class": "Aves"}, {"Category": "Least concern (LC)\u00a0", "Animal Name": "Eurasian magpie", "Animal Class": "Aves"}, {"Category": "Least concern (LC)\u00a0", "Animal Name": "red-billed quelea", "Animal Class": "Aves"}, {"Category": "Least concern (LC)\u00a0", "Animal Name": "common hill myna", "Animal Class": "Aves"}, {"Category": "Least concern (LC)\u00a0", "Animal Name": "red-tailed hawk", "Animal Class": "Aves"}, {"Category": "Least concern (LC)\u00a0", "Animal Name": "rock pigeon", "Animal Class": "Aves"}, {"Category": "Least concern (LC)\u00a0", "Animal Name": "blue and yellow macaw", "Animal Class": "Aves"}, {"Category": "Least concern (LC)\u00a0", "Animal Name": "southern elephant seal", "Animal Class": "Mammalia"}, {"Category": "Least concern (LC)\u00a0", "Animal Name": "Freshwater crocodile", "Animal Class": "Reptilia"}, {"Category": "Least concern (LC)\u00a0", "Animal Name": "humpback whale", "Animal Class": "Mammalia"}, {"Category": "Least concern (LC)\u00a0", "Animal Name": "red howler monkey", "Animal Class": "Mammalia"}]